{"count":1,"self":1418.8198912,"total":6567.0649724999994,"children":{"AgentSendState":{"count":515151,"self":214.51581439999998,"total":890.7129301,"children":{"CollectObservations":{"count":5666661,"self":47.751027199999996,"total":47.751027799999996,"children":null},"CollectDiscreteActionMasks":{"count":5666661,"self":32.073254399999996,"total":32.073253,"children":null},"AgentInfo.ToProto":{"count":5666661,"self":98.824384,"total":596.3728294,"children":{"GenerateSensorData":{"count":5666661,"self":176.52831999999998,"total":497.5484454,"children":{"RayPerceptionSensor.Perceive":{"count":5666661,"self":321.0201088,"total":321.0201198,"children":null}}}}}}},"DecideAction":{"count":515151,"self":4230.4499712,"total":4230.4497899,"children":null},"AgentAct":{"count":515151,"self":24.701487999999998,"total":24.7014887,"children":null},"AgentInfo.ToProto":{"count":18298,"self":0.4817931,"total":2.3799185,"children":{"GenerateSensorData":{"count":18298,"self":0.6739815,"total":1.8981253999999999,"children":{"RayPerceptionSensor.Perceive":{"count":18298,"self":1.2241438999999998,"total":1.2241438999999998,"children":null}}}}}},"gauges":{"CarBrain.CumulativeReward":{"count":18298,"max":12.222723,"min":1.01968,"runningAverage":10.33593,"value":12.2176027,"weightedAverage":12.0461569}},"metadata":{"timer_format_version":"0.1.0","start_time_seconds":"1602176590","unity_version":"2019.4.2f1","command_line_arguments":"C:\\Program Files\\Unity\\Hub\\Editor\\2019.4.2f1\\Editor\\Unity.exe -projectpath C:\/Users\/didic\/Desktop\/deures didac\/TDR\/producte_final_ANN_TDR -useHub -hubIPC -cloudEnvironment production -hubSessionId 9641f160-0980-11eb-a424-494ae2fd2213 -accessToken ar2xxZvnW1aZR6ZPTqdVlfhXZWBU2LPbEx-V7XMyryc006f","communication_protocol_version":"1.0.0","com.unity.ml-agents_version":"1.0.4","scene_name":"2nd training space","end_time_seconds":"1602183157"}}